original_name,occurrences,affected_guidelines,affected_diagnoses,possible_normalization,possible_atc
#ампициллин+сульбактам**,29,14,26,ампициллин + сульбактам,J01CA01
фторхинолоны,27,13,17,фторхинолоны,J01MA
рифампицин**,19,4,11,рифампицин,J04AB02
рифаксимин,16,4,4,рифаксимин,J04AB04
#Миноциклин,16,1,4,Миноциклин,
#ко-тримоксазол** (JO1EE),15,4,8,ко-тримоксазол** (JO1EE),J01EE01
тинидазол,14,4,4,тинидазол,J01XD02
#ко-тримоксазол [сульфаметоксазол + триметоприм]**,13,4,4,ко-тримоксазол [сульфаметоксазол + триметоприм],J01EE01
карбапенемы,13,9,9,карбапенемы,J01DH
Амоксициллин + [Клавулановая кислота]**,13,3,3,Амоксициллин + [Клавулановая кислота],J01CA04
#дапсон**,12,3,6,дапсон,
Ко-тримоксазол [Сульфаметоксазол+Триметоприм]**,12,3,5,Ко-тримоксазол [Сульфаметоксазол + Триметоприм],J01EE01
дапсон**,11,1,6,дапсон,
пефлоксацин,10,4,3,пефлоксацин,
#рифампицин**,10,2,5,рифампицин,J04AB02
#тетрациклин,9,4,3,тетрациклин,J01AA07
орнидазол,9,3,3,орнидазол,
Амоксициллин+[Клавулановая кислота]**,9,7,7,Амоксициллин + [Клавулановая кислота],J01CA04
амоксициллина**,9,6,7,амоксициллина,J01CA04
#метронидазола**,9,4,7,метронидазола,J01XD01
Другие бета-лактамные антибактериальные препараты (цефалоспорины 2-го или 3-го поколения),9,4,6,Другие бета-лактамные антибактериальные препараты (цефалоспорины 2-го или 3-го поколения),J01D
фузидовая кислота,8,5,2,фузидовая кислота,
#Пиперациллин+[Тазобактам] +/- #амикацин**,8,4,5,Пиперациллин + [Тазобактам] + /- #амикацин,J01CG01
антибактериальные препараты системного действия,8,5,6,антибактериальные препараты системного действия,
#гентамицина**,8,7,8,гентамицина,J01GB03
секнидазол,8,1,2,секнидазол,
цефотаксима**,8,1,4,цефотаксима,J01DD01
#миноциклин,8,1,2,миноциклин,
Рифампицин**,8,1,4,Рифампицин,J04AB02
#Рифапентин,8,1,4,Рифапентин,
макролиды,7,6,4,макролиды,J01FA
бета-лактамные антибактериальные препараты: пенициллины,7,4,6,бета-лактамные антибактериальные препараты: пенициллины,J01CE01
нетилмицин,7,3,4,нетилмицин,
метронидазолом**,6,4,4,метронидазолом,J01XD01
#Амоксициллин+[Клавулановая кислота],6,2,2,Амоксициллин + [Клавулановая кислота],J01CA04
миноциклин,6,2,3,миноциклин,
#Дапсон**,6,2,4,Дапсон,
"бета-лактамный антибактериальный препарат (комбинации пенициллинов, включая комбинации с ингибиторами бета-лактамаз; цефалоспорины третьего либо четвертого поколения)",6,3,3,"бета-лактамный антибактериальный препарат (комбинации пенициллинов, включая комбинации с ингибиторами бета-лактамаз; цефалоспорины третьего либо четвертого поколения)",J01CE01
"бета-лактамные антибактериальные препараты (комбинации пенициллинов, включая ингибиторы бета-лактамаз; цефалоспорины третьего либо четвертого поколения)",6,3,4,"бета-лактамные антибактериальные препараты (комбинации пенициллинов, включая ингибиторы бета-лактамаз; цефалоспорины третьего либо четвертого поколения)",J01CE01
колистиметат натрия,6,4,5,колистиметат натрия,
"пенициллины широкого спектра действия, пенициллины, чувствительные к бета-лактамазам, другие бета-лактамные антибактериальные препараты",6,2,1,"пенициллины широкого спектра действия, пенициллины, чувствительные к бета-лактамазам, другие бета-лактамные антибактериальные препараты",J01CE01
ампициллина**,6,2,2,ампициллина,J01CA01
ампициллин+[сульбактам]**,6,1,1,ампициллин + [сульбактам],J01CA01
Амоксициллин + [Клавулановая кислота],6,2,3,Амоксициллин + [Клавулановая кислота],J01CA04
амоксициллином**,5,2,3,амоксициллином,J01CA04
Нетилмицин,5,2,2,Нетилмицин,
#ко-тримоксазол [сульфаметоксазол+Триметоприм]**,5,2,1,ко-тримоксазол [сульфаметоксазол + Триметоприм],J01EE01
амоксициллин + [клавулановая кислота]**,5,3,5,амоксициллин + [клавулановая кислота],J01CA04
"комбинации пенициллинов, включая комбинации с ингибиторами бета-лактамаз",5,3,4,"комбинации пенициллинов, включая комбинации с ингибиторами бета-лактамаз",J01CE01
карбапенемы в сочетании с аминогликозидами и ванкомицином,5,3,5,карбапенемы в сочетании с аминогликозидами и ванкомицином,J01XA01
амоксицшлина**,5,2,4,амоксицшлина,J01C
цефазолин** + #гентамицин**,5,5,4,цефазолин** + #гентамицин,J01DB04
Ампициллин+[Сульбактам]**,5,2,2,Ампициллин + [Сульбактам],J01CA01
Амоксициллин+[Клавулановая кислота] **,5,1,1,Амоксициллин + [Клавулановая кислота],J01CA04
цефалоспорины (ЦФ) 3 поколения,5,2,2,цефалоспорины (ЦФ) 3 поколения,J01D
#ко-тримоксазола**,5,2,5,ко-тримоксазола,J01EE01
ампициллин** + #гентамицин** / амикацин** / нетилмицин,5,2,2,ампициллин** + #гентамицин** / амикацин** / нетилмицин,J01CA01
#спектиномицин,4,1,4,спектиномицин,J01XX04
"бета-лактамные антибактериальные препараты, пенициллины",4,3,2,"бета-лактамные антибактериальные препараты, пенициллины",J01CE01
ампициллин+сульбактам**,4,3,4,ампициллин + сульбактам,J01CA01
#Ко-тримоксазол [Сульфаметоксазол+Триметоприм] **,4,2,3,Ко-тримоксазол [Сульфаметоксазол + Триметоприм],J01EE01
этамбутол**,4,3,4,этамбутол,J04AK02
"антибактериальные препараты системного действия, влияющих на грамположительную, грамотрицательную и анаэробную флору (комбинации пенициллинов, включая комбинации с ингибиторами бета-лактамаз; цефалоспорины 4-го поколения; карбапенемы, другие антибактериальные препараты)",4,2,4,"антибактериальные препараты системного действия, влияющих на грамположительную, грамотрицательную и анаэробную флору (комбинации пенициллинов, включая комбинации с ингибиторами бета-лактамаз; цефалоспорины 4-го поколения; карбапенемы, другие антибактериальные препараты)",J01CE01
Ванкомицин³**,4,2,3,Ванкомицин³,J01XA01
Цефуроксим** + Метронидазол**,4,3,4,Цефуроксим** + Метронидазол,J01DC02
Имипенем+циластатин** или меропенем** или эртапенем** + азитромицин** или кларитромицин**,4,2,2,Имипенем + циластатин** или меропенем** или эртапенем** + азитромицин** или кларитромицин,J01FA10
ампициллин + [сульбактам]**,4,2,4,ампициллин + [сульбактам],J01CA01
полимиксин В,4,3,4,полимиксин В,
тигециклин,4,3,4,тигециклин,
#цефтолозан+[тазобактам],4,3,4,цефтолозан + [тазобактам],J01CG01
#рифаксимин,4,3,3,рифаксимин,J04AB04
ко-тримоксазол [сульфаметоксазол+триметоприм]**,4,2,4,ко-тримоксазол [сульфаметоксазол + триметоприм],J01EE01
хлорамфеникол,4,3,4,хлорамфеникол,J01BA01
Ампициллин+[Сульбактам][3]**,4,1,1,Ампициллин + [Сульбактам][3],J01CA01
#ко-тримоксазола [Сульфаметоксазол+Триметоприм],4,3,3,ко-тримоксазола [Сульфаметоксазол + Триметоприм],J01EE01
#ципрофлоксацина**,4,1,2,ципрофлоксацина,J01MA02
#цефдиторен,4,1,3,цефдиторен,J01D
#цефподоксим,4,1,3,цефподоксим,J01D
"антибактериальные препараты системного действия, влияющие на грамположительную, грамотрицательную и анаэробную флору (комбинации пенициллинов, включая комбинации с ингибиторами бета-лактамаз, и/или цефалоспорины 4-го поколения, и/или карбапенемы, и/или другие антибактериальные препараты)",4,2,2,"антибактериальные препараты системного действия, влияющие на грамположительную, грамотрицательную и анаэробную флору (комбинации пенициллинов, включая комбинации с ингибиторами бета-лактамаз, и/или цефалоспорины 4-го поколения, и/или карбапенемы, и/или другие антибактериальные препараты)",J01CE01
#Эртапенем**,4,1,1,Эртапенем,J01DH03
эритромицин в виде глазной мази,4,1,2,эритромицин в виде глазной мази,J01FA01
Оксациллин (J01CF04 Oxacillin),4,1,2,Оксациллин (J01CF04 Oxacillin),J01CF04
Метронидазол (Metronidazole J01XD01),4,1,2,Метронидазол (Metronidazole J01XD01),J01XD01
цефтриаксона **,4,1,4,цефтриаксона,J01DD04
#рифапентин,4,1,2,рифапентин,
#рифампицина**,4,1,3,рифампицина,J04AB02
Нифурател,3,2,2,Нифурател,
Фуразолидон,3,2,2,Фуразолидон,
#доксициклина** в форме моногидрата (гидрохлорида),3,2,3,доксициклина** в форме моногидрата (гидрохлорида),J01AA02
#бензатина бензилпенициллин +Бензилпенициллин прокаина,3,2,1,бензатина бензилпенициллин + Бензилпенициллин прокаина,J01CE01
#амоксициллин [Клавулановая кислота]**,3,2,1,амоксициллин [Клавулановая кислота],J01CA04
бетаметазон+гентамицин+клотримазол,3,3,1,бетаметазон + гентамицин + клотримазол,J01GB03
другие бета-лактамные антибактериальные препараты,3,2,1,другие бета-лактамные антибактериальные препараты,
полимиксины,3,2,1,полимиксины,
#ко-тримоксазол [Сульфаметоксазол+Триметоприм]**,3,2,2,ко-тримоксазол [Сульфаметоксазол + Триметоприм],J01EE01
#имипенем + циластатин** + #амоксициллин с клавулановой кислотой**,3,3,3,имипенем + циластатин** + #амоксициллин с клавулановой кислотой,J01CA04
#меропенем** + #амоксициллин с клавулановой кислотой**,3,3,3,меропенем** + #амоксициллин с клавулановой кислотой,J01CA04
#ко-тримоксазол [Сульфаметоксазол+Триметоприм],3,3,3,ко-тримоксазол [Сульфаметоксазол + Триметоприм],J01EE01
цефалоспорины,3,3,2,цефалоспорины,J01D
джозамицин**,3,1,3,джозамицин,
нитрофурантоин,3,3,2,нитрофурантоин,J01XE01
#нитрофурантоин,3,3,2,нитрофурантоин,J01XE01
мупироцин,3,3,2,мупироцин,
Офлоксацин** (капли),3,2,1,Офлоксацин** (капли),J01MA01
цефтазидим+[авибактам],3,3,3,цефтазидим + [авибактам],J01DD02
цефтазидим+[авибактам] в комбинации с азтреонамом,3,3,3,цефтазидим + [авибактам] в комбинации с азтреонамом,J01DD02
антибактериальные препараты системного действия (широкого спектра),3,2,1,антибактериальные препараты системного действия (широкого спектра),
меропенем** и ципрофлоксацин**,3,2,1,меропенем** и ципрофлоксацин,J01MA02
пенициллины,3,2,3,пенициллины,J01CE01
#Ванкомицина**,3,2,3,Ванкомицина,J01XA01
Амоксициллин+ [клавулановая кислота]**,3,1,1,Амоксициллин + [клавулановая кислота],J01CA04
джозамицин,3,1,3,джозамицин,
тобрамицин**,3,2,3,тобрамицин,J01GB01
тетрациклин**,3,2,3,тетрациклин,J01AA07
изониазид** + рифампицин**/рифабутин** + этамбутол** [пиразинамид**],3,1,1,изониазид** + рифампицин**/рифабутин** + этамбутол** [пиразинамид**],J04AB02
Джозамицин**,3,2,2,Джозамицин,
Орнидазол,3,1,1,Орнидазол,
Цефазолин + Метронидазол,3,1,2,Цефазолин + Метронидазол,J01DB04
Цефуроксим + Метронидазол,3,1,2,Цефуроксим + Метронидазол,J01DC02
фторхинолоны и аминогликозиды,3,1,3,фторхинолоны и аминогликозиды,J01MA
цефалоспорины и аминогликозиды,3,1,3,цефалоспорины и аминогликозиды,J01D
цефдиторен,3,1,2,цефдиторен,J01D
цефподоксим,3,1,2,цефподоксим,J01D
#Ванкомицином**,3,1,1,Ванкомицином,J01XA01
Ампициллин+[Сульбактам]** + #гентамицин** / амикацин** / нетилмицин,3,1,1,Ампициллин + [Сульбактам]** + #гентамицин** / амикацин** / нетилмицин,J01CA01
Хлорамфеникол**,3,1,1,Хлорамфеникол,J01BA01
Бензатина бензилпенициллин+бензилпенициллин натрия+бензилпенициллин прокаина**,3,1,2,Бензатина бензилпенициллин + бензилпенициллин натрия + бензилпенициллин прокаина,J01CE01
#ко-тримоксазол** (J01EE),3,1,2,ко-тримоксазол** (J01EE),J01EE01
J01D другие бета-лактамные антибактериальные препараты,3,1,2,J01D другие бета-лактамные антибактериальные препараты,
"J01CF пенициллины, устойчивые к бета-лактамазам",3,1,2,"J01CF пенициллины, устойчивые к бета-лактамазам",J01CE01
J01FF Линкозамиды,3,1,2,J01FF Линкозамиды,
пенициллины в комбинации с ингибиторами бета-лактамаз,3,1,2,пенициллины в комбинации с ингибиторами бета-лактамаз,J01CE01
Бензатина бензилпенициллин+Бензилпенициллин прокаина,3,1,3,Бензатина бензилпенициллин + Бензилпенициллин прокаина,J01CE01
Бензатина бензилпенициллина**,3,1,3,Бензатина бензилпенициллина,J01CE01
препарат,3,1,3,препарат,
#ко-тримоксазолом**,3,1,3,ко-тримоксазолом,J01EE01
H R/Rb Z E [S],2,2,2,H R/Rb Z E [S],
Амоксициллин клавулановая кислота**,2,2,2,Амоксициллин клавулановая кислота,J01CA04
эмпирическая антибактериальная терапия,2,2,2,эмпирическая антибактериальная терапия,
#тетрациклином,2,1,1,тетрациклином,J01AA07
левофлоксацином**,2,2,2,левофлоксацином,J01MA12
Бензатина бензилпенициллин,2,2,1,Бензатина бензилпенициллин,J01CE01
спектиномицин,2,1,2,спектиномицин,J01XX04
цефалоспорины III поколения (цефиксим и др.),2,2,1,цефалоспорины III поколения (цефиксим и др.),J01DD08
цефалоспорины III поколения,2,2,2,цефалоспорины III поколения,J01D
другие препараты с антисинегнойной активностью,2,2,1,другие препараты с антисинегнойной активностью,
"изониазид**, рифампицин**, пиразинамид** и этамбутол**",2,2,2,"изониазид**, рифампицин**, пиразинамид** и этамбутол",J04AB02
фторхинолоны (код АТХ S01AE),2,2,1,фторхинолоны (код АТХ S01AE),J01MA
Пиклоксидин (код АТХ S01AX16),2,2,1,Пиклоксидин (код АТХ S01AX16),
фуразидин,2,2,1,фуразидин,J01XE03
нифурател,2,2,2,нифурател,
Цефалоспорины I–II поколений : цефазолин (J01DB04Cefazolin),2,2,2,Цефалоспорины I–II поколений : цефазолин (J01DB04Cefazolin),J01DB04
"пероральные антибиотики, которые будут покрывать S. aureus и P. aeruginosa",2,2,2,"пероральные антибиотики, которые будут покрывать S. aureus и P. aeruginosa",
Амоксициллин+ [Клавулановая кислота]**,2,2,2,Амоксициллин + [Клавулановая кислота],J01CA04
рифаксимина,2,2,2,рифаксимина,J04AB04
Цефазолин²**,2,2,2,Цефазолин²,J01DB04
Цефазолин²** + Метронидазол**,2,2,2,Цефазолин²** + Метронидазол,J01DB04
бацитрацин + неомицин,2,2,1,бацитрацин + неомицин,
сульфатиазол серебра,2,2,1,сульфатиазол серебра,
гидрокортизон + окситетрациклин,2,2,2,гидрокортизон + окситетрациклин,J01AA07
тетрациклин + триамцинолон,2,2,2,тетрациклин + триамцинолон,J01AA07
гидрокортизон + фузидовая кислота,2,2,2,гидрокортизон + фузидовая кислота,
бетаметазон + фузидовая кислота,2,2,2,бетаметазон + фузидовая кислота,
местные препараты в виде ушных капель,2,2,1,местные препараты в виде ушных капель,
противомикробные средства в комбинации с кортикостероидами,2,2,1,противомикробные средства в комбинации с кортикостероидами,
фрамицетина,2,2,2,фрамицетина,
Дексаметазон + Неомицин + Полимиксин B + Фенилэфрин,2,2,2,Дексаметазон + Неомицин + Полимиксин B + Фенилэфрин,
тиамфеникола глицинат ацетилцистеинат,2,2,2,тиамфеникола глицинат ацетилцистеинат,
"гентамицин** и клиндамицин** с бета-лактамными антибактериальными препаратами, пенициллинами (J01C) или без них",2,2,2,"гентамицин** и клиндамицин** с бета-лактамными антибактериальными препаратами, пенициллинами (J01C) или без них",J01CE01
#Бензатина бензилпенициллин+Бензилпенициллин прокаина,2,2,2,Бензатина бензилпенициллин + Бензилпенициллин прокаина,J01CE01
"бета-лактамные антибактериальные препараты, пенициллины (J01C)",2,2,2,"бета-лактамные антибактериальные препараты, пенициллины (J01C)",J01CE01
современные 14-членные макролиды,2,2,2,современные 14-членные макролиды,J01FA
антибактериальная терапия,2,2,2,антибактериальная терапия,
"противотуберкулезные препараты, пенициллины, чувствительные к беталактамазам и др.",2,2,1,"противотуберкулезные препараты, пенициллины, чувствительные к беталактамазам и др.",J01CE01
нифуроксазид,2,2,2,нифуроксазид,
#тетрациклином**,2,2,2,тетрациклином,J01AA07
цефтриаксон и #азитромицин,2,2,2,цефтриаксон и #азитромицин,J01DD04
Ко-тримоксазол [Сульфаметоксазол+Триметоприм],2,2,2,Ко-тримоксазол [Сульфаметоксазол + Триметоприм],J01EE01
амоксициллин** + кларитромицин**,2,1,1,амоксициллин** + кларитромицин,J01CA04
амоксициллин** + #метронидазол**,2,1,1,амоксициллин** + #метронидазол,J01CA04
#тетрациклин + #метронидазол**,2,1,1,тетрациклин + #метронидазол,J01AA07
изониазид** + рифампицин**/рифапентин,2,1,1,изониазид** + рифампицин**/рифапентин,J04AB02
изониазид** + рифампицин** + этамбутол**,2,1,1,изониазид** + рифампицин** + этамбутол,J04AB02
Цефтриаксон[4]**,2,1,1,Цефтриаксон[4],J01DD04
амоксициллин+[клавулановая кислота]**3,2,1,1,амоксициллин + [клавулановая кислота]**3,J01CA04
Пиперациллин+[Тазобактам],2,1,2,Пиперациллин + [Тазобактам],J01CG01
#Нифурател,2,1,1,Нифурател,
#Тетрациклин,2,1,1,Тетрациклин,J01AA07
Секнидазол,2,1,1,Секнидазол,
Тинидазол,2,1,1,Тинидазол,J01XD02
Албендазол,2,1,1,Албендазол,
антибиотики гликопептидной структуры,2,2,2,антибиотики гликопептидной структуры,
карбапенемов,2,2,2,карбапенемов,J01DH
#гентамицин** (добавление к цефазолину**),2,2,2,гентамицин** (добавление к цефазолину**),J01DB04
Амоксициллин+[клавулановая кислота]**,2,1,2,Амоксициллин + [клавулановая кислота],J01CA04
Сульфаметоксазол+Триметоприм**,2,1,2,Сульфаметоксазол + Триметоприм,J01EC01
#Метронидазола**,2,1,2,Метронидазола,J01XD01
аминогликозиды и/или антибиотики гликопептидной структуры,2,1,2,аминогликозиды и/или антибиотики гликопептидной структуры,J01G
цефалоспорины (ЦФ) третьего поколения,2,1,2,цефалоспорины (ЦФ) третьего поколения,J01D
"#ко-тримоксазол** в комбинации с антибактериальными препаратами системного действия, влияющих на грамположительную, грамотрицательную и анаэробную флору (комбинации пенициллинов, включая комбинации с ингибиторами бета-лактамаз и/или цефалоспорины 4-го поколения, и/или карбапенемы, и/или другие антибактериальные препараты)",2,1,1,"ко-тримоксазол** в комбинации с антибактериальными препаратами системного действия, влияющих на грамположительную, грамотрицательную и анаэробную флору (комбинации пенициллинов, включая комбинации с ингибиторами бета-лактамаз и/или цефалоспорины 4-го поколения, и/или карбапенемы, и/или другие антибактериальные препараты)",J01CE01
"#ко-тримоксазол** в комбинации с антибактериальными препаратами системного действия, влияющими на грамположительную, грамотрицательную и анаэробную флору (комбинации пенициллинов, включая комбинации с ингибиторами бета-лактамаз и/или цефалоспорины 4-го поколения, и/или карбапенемы, и/или другие антибактериальные препараты)",2,1,2,"ко-тримоксазол** в комбинации с антибактериальными препаратами системного действия, влияющими на грамположительную, грамотрицательную и анаэробную флору (комбинации пенициллинов, включая комбинации с ингибиторами бета-лактамаз и/или цефалоспорины 4-го поколения, и/или карбапенемы, и/или другие антибактериальные препараты)",J01CE01
#хлорамфеникол**,2,1,2,хлорамфеникол,J01BA01
#бензилпенициллина**,2,1,2,бензилпенициллина,J01CE01
# Имипенем+[Циластатин]**,2,1,1,Имипенем + [Циластатин],J01DH51
Мупироцин 2% мазь,2,1,2,Мупироцин 2% мазь,
цефазолином,2,1,2,цефазолином,J01DB04
цефазолином **,2,1,2,цефазолином,J01DB04
«норфлоксацин,2,1,1,«норфлоксацин,J01MA06
«ципрофлоксацнн**,2,1,1,«ципрофлоксацнн,
пиперациллин+тазобакдам,2,1,1,пиперациллин + тазобакдам,
#рифаксимина,2,1,2,рифаксимина,J04AB04
пиперациллин+тазобактама,2,1,1,пиперациллин + тазобактама,J01CG01
"антибактериальные препараты системного действия (JO1), влияющие на грамположительную, грамотрицательную и анаэробную флору (комбинации пенициллинов, включая комбинации с ингибиторами бета-лактамаз (JO1CR) и/или цефалоспорины 4-го поколения (JO1DE), и/или карбапенемы (JO1DH), и/или другие антибактериальные препараты (JO1X))",2,1,2,"антибактериальные препараты системного действия (JO1), влияющие на грамположительную, грамотрицательную и анаэробную флору (комбинации пенициллинов, включая комбинации с ингибиторами бета-лактамаз (JO1CR) и/или цефалоспорины 4-го поколения (JO1DE), и/или карбапенемы (JO1DH), и/или другие антибактериальные препараты (JO1X))",J01CE01
"антибактериальные препараты системного действия (JO1), влияющие на грамположительную, грамотрицательную и анаэробную флору: комбинации пенициллинов, включая комбинации с ингибиторами бета-лактамаз (JO1CR) и/или цефалоспорины 4-го поколения (JO1DE), и/или карбапенемы (JO1DH), и/или другие антибактериальные препараты (JO1X)",2,1,1,"антибактериальные препараты системного действия (JO1), влияющие на грамположительную, грамотрицательную и анаэробную флору: комбинации пенициллинов, включая комбинации с ингибиторами бета-лактамаз (JO1CR) и/или цефалоспорины 4-го поколения (JO1DE), и/или карбапенемы (JO1DH), и/или другие антибактериальные препараты (JO1X)",J01CE01
фрамицетин,2,1,2,фрамицетин,
Дексаметазон+Неомицин+Полимиксин B+Фенилэфрин,2,1,2,Дексаметазон + Неомицин + Полимиксин B + Фенилэфрин,
клиндамицин** + #рифампицин**,2,1,1,клиндамицин** + #рифампицин,J01FF01
цефалоспорины 1-ого или 2-ого поколения,2,1,2,цефалоспорины 1-ого или 2-ого поколения,J01D
тедизолид**,2,1,2,тедизолид,J01XX11
препарата,2,1,2,препарата,
Ванкомицин3**,2,1,2,Ванкомицин3,J01XA01
Цефазолин** + Метронидазол**,2,1,2,Цефазолин** + Метронидазол,J01DB04
колистемитат натрия+ тетрациклин+хлорамфеникол**,2,1,2,колистемитат натрия + тетрациклин + хлорамфеникол,J01AA07
Триметоприм**,1,1,1,Триметоприм,J01EA01
цефалоспорин 3 поколения + амикацин**,1,1,1,цефалоспорин 3 поколения + амикацин,J01GB06
цефалоспорин 3 поколения + амикацин** + ванкомицин**,1,1,1,цефалоспорин 3 поколения + амикацин** + ванкомицин,J01GB06
Ко-тримоксазол (Сульфаметоксазол Триметоприм)**,1,1,1,Ко-тримоксазол (Сульфаметоксазол Триметоприм),J01EE01
Тетрациклин,1,1,1,Тетрациклин,J01AA07
Хлорамфеникол,1,1,1,Хлорамфеникол,J01BA01
Джозамицин,1,1,1,Джозамицин,
Мидекамицин,1,1,1,Мидекамицин,
Спирамицин,1,1,1,Спирамицин,
Нифуроксазид,1,1,1,Нифуроксазид,
Налидиксовая кислота,1,1,1,Налидиксовая кислота,
Бензатина бензилпенициллин**,1,1,1,Бензатина бензилпенициллин,J01CE01
^цефтриаксон**,1,1,1,^цефтриаксон,J01DD04
#цефтриаксоном**,1,1,1,цефтриаксоном,J01DD04
#Ко-тримоксазол [Сульфаметоксазол+Триметоприм] ****,1,1,1,Ко-тримоксазол [Сульфаметоксазол + Триметоприм],J01EE01
#рифабутин**,1,1,1,рифабутин,
#азитромицина**,1,1,1,азитромицина,J01FA10
#амикацина**,1,1,1,амикацина,J01GB06
левофлоксацина**,1,1,1,левофлоксацина,J01MA12
#моксифлоксацина**,1,1,1,моксифлоксацина,J01MA14
полусинтетические пенициллины,1,1,1,полусинтетические пенициллины,J01CE01
#клиндамицина**,1,1,1,клиндамицина,J01FF01
"#ванкомицин*’,‘",1,1,1,"ванкомицин*’,‘",J01XA01
"мазь для наружного применения, содержащая гентамицин",1,1,1,"мазь для наружного применения, содержащая гентамицин",J01GB03
мазь мупироцина,1,1,1,мазь мупироцина,
"антибактериальные препараты системного действия, одновременно направленные на грамположительные и грамотрицательные бактерии",1,1,1,"антибактериальные препараты системного действия, одновременно направленные на грамположительные и грамотрицательные бактерии",
Ампициллин+[сульбактам] * *,1,1,1,Ампициллин + [сульбактам] *,J01CA01
рифаксима,1,1,1,рифаксима,
#рифаксимином,1,1,1,рифаксимином,J04AB04
бетаметазон+ гентамицин + клотримазол,1,1,1,бетаметазон + гентамицин + клотримазол,J01GB03
эритромицин + препараты из группы других бета-лактамных антибактериальных препаратов (J01D по АТХ классификации),1,1,1,эритромицин + препараты из группы других бета-лактамных антибактериальных препаратов (J01D по АТХ классификации),J01FA01
препарат группы макролидов (J01FA по АТХ классификации) или фторхинолонов (J01MA по АТХ классификации),1,1,1,препарат группы макролидов (J01FA по АТХ классификации) или фторхинолонов (J01MA по АТХ классификации),J01MA
Ко-тримоксазол [Сулъфаметоксазол+Триметоприм],1,1,1,Ко-тримоксазол [Сулъфаметоксазол + Триметоприм],J01EE01
цефалоспорина первого или второго поколения,1,1,1,цефалоспорина первого или второго поколения,J01D
"антибактериальные препараты системного действия (АТХ – J01): цефалоспорины третьего поколения, цефалоспорины четвертого поколения, цефалоспорины пятого поколения, комбинации пенициллинов, включая комбинации с ингибиторами бета-лактамаз, макролиды",1,1,1,"антибактериальные препараты системного действия (АТХ – J01): цефалоспорины третьего поколения, цефалоспорины четвертого поколения, цефалоспорины пятого поколения, комбинации пенициллинов, включая комбинации с ингибиторами бета-лактамаз, макролиды",J01CE01
адекватная антимикробная терапия,1,1,1,адекватная антимикробная терапия,
цефалоспорины третьего,1,1,1,цефалоспорины третьего,J01D
цефалоспорины четвертого,1,1,1,цефалоспорины четвертого,J01D
цефалоспорины пятого поколения,1,1,1,цефалоспорины пятого поколения,J01D
противотуберкулезные препараты,1,1,1,противотуберкулезные препараты,
"пенициллины, чувствительные к беталактамазам",1,1,1,"пенициллины, чувствительные к беталактамазам",J01CE01
цефазолина**,1,1,1,цефазолина,J01DB04
#Ко-тримоксазол [Сульфаметоксазол + Триметоприм]**,1,1,1,Ко-тримоксазол [Сульфаметоксазол + Триметоприм],J01EE01
цефалоспорины 3 поколения,1,1,1,цефалоспорины 3 поколения,J01D
"антибактериальные препараты из группы другие бета-лактамные антибактериальные препараты (J01DB, J01DC, J01DD, J01DE, J01DH) или бета-лактамные антибактериальные препараты: пенициллины (J01CA, J01CF, J01CR)",1,1,1,"антибактериальные препараты из группы другие бета-лактамные антибактериальные препараты (J01DB, J01DC, J01DD, J01DE, J01DH) или бета-лактамные антибактериальные препараты: пенициллины (J01CA, J01CF, J01CR)",J01CE01
"антибактериальные препараты широкого спектра действия; другие бета-лактамные антибактериальные препараты (J01DB, J01DC, J01DD, J01DE, J01DH) или бета-лактамные антибактериальные препараты: пенициллины (J01CA, J01CF, J01CR); карбапенемы (J01DH)",1,1,1,"антибактериальные препараты широкого спектра действия; другие бета-лактамные антибактериальные препараты (J01DB, J01DC, J01DD, J01DE, J01DH) или бета-лактамные антибактериальные препараты: пенициллины (J01CA, J01CF, J01CR); карбапенемы (J01DH)",J01CE01
цефалоспорины 1-ого поколения,1,1,1,цефалоспорины 1-ого поколения,J01D
цефалоспорины 2-ого поколения,1,1,1,цефалоспорины 2-ого поколения,J01D
"антибактериальные препараты системного действия (JO1), влияющие на грамположительную, грамотрицательную и анаэробную флору (комбинации пенициллинов, включая комбинации с ингибиторами бета-лактамаз (JO1CR); цефалоспорины 4-го поколения (JO1DE); карбапенемы (JO1DH))",1,1,1,"антибактериальные препараты системного действия (JO1), влияющие на грамположительную, грамотрицательную и анаэробную флору (комбинации пенициллинов, включая комбинации с ингибиторами бета-лактамаз (JO1CR); цефалоспорины 4-го поколения (JO1DE); карбапенемы (JO1DH))",J01CE01
"ко-тримоксазол в комбинации с антибактериальными препаратами системного действия, влияющих на грамположительную, грамотрицательную и анаэробную",1,1,1,"ко-тримоксазол в комбинации с антибактериальными препаратами системного действия, влияющих на грамположительную, грамотрицательную и анаэробную",J01EE01
#Клиндамицин * *,1,1,1,Клиндамицин *,J01FF01
цефазолин** ± метронидазол**,1,1,1,цефазолин** ± метронидазол,J01DB04
препарат из группы карбапенемов,1,1,1,препарат из группы карбапенемов,J01DH
метронидазол** с цефалоспоринами третьего поколения,1,1,1,метронидазол** с цефалоспоринами третьего поколения,J01XD01
метронидазол** с фторхинолонами,1,1,1,метронидазол** с фторхинолонами,J01XD01
пиперациллин + [тазобактам],1,1,1,пиперациллин + [тазобактам],J01CG01
"бета-лактамные антибактериальные препараты, пенициллины (J01C) и гентамицин** с метронидазолом**",1,1,1,"бета-лактамные антибактериальные препараты, пенициллины (J01C) и гентамицин** с метронидазолом",J01CE01
цефалоспорины второго поколения (J01DC) или цефалоспорины третьего поколения (J01DD) с метронидазолом**,1,1,1,цефалоспорины второго поколения (J01DC) или цефалоспорины третьего поколения (J01DD) с метронидазолом,J01XD01
пиперациллин+[тазобактам],1,1,1,пиперациллин + [тазобактам],J01CG01
карбапенемы и другие препараты резерва,1,1,1,карбапенемы и другие препараты резерва,J01DH
"антибактериальные препараты системного действия (АТХ – J01); препараты широкого спектра действия (цефалоспорины третьего, цефалоспорины четвертого, цефалоспорины пятого поколения (АТХ группа Другие цефалоспорины и пенемы), комбинации пенициллинов, включая комбинации с ингибиторами бета-лактамаз, макролиды)",1,1,1,"антибактериальные препараты системного действия (АТХ – J01); препараты широкого спектра действия (цефалоспорины третьего, цефалоспорины четвертого, цефалоспорины пятого поколения (АТХ группа Другие цефалоспорины и пенемы), комбинации пенициллинов, включая комбинации с ингибиторами бета-лактамаз, макролиды)",J01CE01
амоксициллин+[клавулановая кислота]**,1,1,1,амоксициллин + [клавулановая кислота],J01CA04
мазь глазная эритромицина,1,1,1,мазь глазная эритромицина,J01FA01
колистемитат натрия4 тетрациклин+хлорамфеникол**,1,1,1,колистемитат натрия4 тетрациклин + хлорамфеникол,J01AA07
"дексаметазон 0.1%+тобромицин 0,3%",1,1,1,"дексаметазон 0.1% + тобромицин 0,3%",
"дексаметазон 0,1%д левофлоксацин 0,5%",1,1,1,"дексаметазон 0,1%д левофлоксацин 0,5%",J01MA12
"фторметолон 0,1%+тобромицин 0,3%",1,1,1,"фторметолон 0,1% + тобромицин 0,3%",
дексаметазон О.Змг+гентамицин 5 мг,1,1,1,дексаметазон О.Змг + гентамицин 5 мг,J01GB03
бетаметазон + гентамицин + клотримазол,1,1,1,бетаметазон + гентамицин + клотримазол,J01GB03
пенициллины парентерально + #азитромицин,1,1,1,пенициллины парентерально + #азитромицин,J01CE01
рифаксим,1,1,1,рифаксим,
кларитромицин** + #тетрациклин,1,1,1,кларитромицин** + #тетрациклин,J01FA09
#метронидазол** + #фуразолидон,1,1,1,метронидазол** + #фуразолидон,J01XD01
амоксициллин + нифурател,1,1,1,амоксициллин + нифурател,J01CA04
изониазид** + рифампицин**/рифабутин** + пиразинамид** + этамбутол** [стрептомицин**],1,1,1,изониазид** + рифампицин**/рифабутин** + пиразинамид** + этамбутол** [стрептомицин**],J04AB02
изониазид** + рифампицин**/рифабутин**/рифапентин,1,1,1,изониазид** + рифампицин**/рифабутин**/рифапентин,J04AB02
рифампицин**/рифабутин** + этамбутол** + пиразинамид** + левофлоксацин**/спарфлоксацин**/моксифлоксацин** [протионамид**/этионамид**] [канамицин**/амикацин**/капреомицин**],1,1,1,рифампицин**/рифабутин** + этамбутол** + пиразинамид** + левофлоксацин**/спарфлоксацин**/моксифлоксацин** [протионамид**/этионамид**] [канамицин**/амикацин**/капреомицин**],J01GB06
рифампицин** + этамбутол** + пиразинамид** + левофлоксацин**,1,1,1,рифампицин** + этамбутол** + пиразинамид** + левофлоксацин,J01MA12
рифампицин** + пиразинамид** + левофлоксацин**/спарфлоксацин**/моксифлоксацин** [этамбутол**] [протионамид**/этионамид**],1,1,1,рифампицин** + пиразинамид** + левофлоксацин**/спарфлоксацин**/моксифлоксацин** [этамбутол**] [протионамид**/этионамид**],J01MA12
рифампицин**/рифабутин** + пиразинамид** + этамбутол** [левофлоксацин**/спарфлоксацин**/моксифлоксацин**] [протионамид**/этионамид**],1,1,1,рифампицин**/рифабутин** + пиразинамид** + этамбутол** [левофлоксацин**/спарфлоксацин**/моксифлоксацин**] [протионамид**/этионамид**],J01MA12
рифампицин** + этамбутол** + пиразинамид**,1,1,1,рифампицин** + этамбутол** + пиразинамид,J04AB02
изониазид** + рифампицин**/рифабутин** + пиразинамид** + этамбутол**,1,1,1,изониазид** + рифампицин**/рифабутин** + пиразинамид** + этамбутол,J04AB02
изониазид** + рифампицин** + пиразинамид**/этамбутол**,1,1,1,изониазид** + рифампицин** + пиразинамид**/этамбутол,J04AB02
изониазид** + рифампицин**/рифабутин**/рифапентин + этамбутол** [пиразинамид**],1,1,1,изониазид** + рифампицин**/рифабутин**/рифапентин + этамбутол** [пиразинамид**],J04AB02
левофлоксацин**/моксифлоксацин**/спарфлоксацин** + бедаквилин** + линезолид** + циклосерин**/теризидон** + протионамид**/этионамид** [канамицин**/амикацин**/капреомицин**] [пиразинамид**] [этамбутол**] [аминосалициловая кислота**] [тиоуреидоиминометилпиридиния перхлорат**],1,1,1,левофлоксацин**/моксифлоксацин**/спарфлоксацин** + бедаквилин** + линезолид** + циклосерин**/теризидон** + протионамид**/этионамид** [канамицин**/амикацин**/капреомицин**] [пиразинамид**] [этамбутол**] [аминосалициловая кислота**] [тиоуреидоиминометилпиридиния перхлорат**],J01GB06
левофлоксацин**/моксифлоксацин**/спарфлоксацин** + циклосерин**/теризидон** + протионамид**/этионамид** + аминосалициловая кислота** [этамбутол**] [пиразинамид**] [линезолид**],1,1,1,левофлоксацин**/моксифлоксацин**/спарфлоксацин** + циклосерин**/теризидон** + протионамид**/этионамид** + аминосалициловая кислота** [этамбутол**] [пиразинамид**] [линезолид**],J01XX08
бедаквилин** + линезолид** + левофлоксацин**/моксифлоксацин**/спарфлоксацин** + циклосерин**/теризидон** + амикацин**/канамицин**/капреомицин** + пиразинамид** [этамбутол**] [протионамид**/этионамид**] [аминосалициловая кислота**] [амоксициллин** + клавулановая кислота**/имипенем+циластатин**/меропенем**] [тиоуреидоиминометилпиридиния перхлорат**],1,1,1,бедаквилин** + линезолид** + левофлоксацин**/моксифлоксацин**/спарфлоксацин** + циклосерин**/теризидон** + амикацин**/канамицин**/капреомицин** + пиразинамид** [этамбутол**] [протионамид**/этионамид**] [аминосалициловая кислота**] [амоксициллин** + клавулановая кислота**/имипенем + циластатин**/меропенем**] [тиоуреидоиминометилпиридиния перхлорат**],J01CA04
линезолид** + моксифлоксацин**/левофлоксацин** + циклосерин**/теризидон** + пиразинамид** [аминосалициловая кислота**] [этамбутол**] [протионамид**/этионамид**] [амоксициллин** + клавулановая кислота**/имипенем+циластатин**/меропенем**],1,1,1,линезолид** + моксифлоксацин**/левофлоксацин** + циклосерин**/теризидон** + пиразинамид** [аминосалициловая кислота**] [этамбутол**] [протионамид**/этионамид**] [амоксициллин** + клавулановая кислота**/имипенем + циластатин**/меропенем**],J01CA04
Ко-тримоксазол [Сульфаметоксазол + Триметоприм],1,1,1,Ко-тримоксазол [Сульфаметоксазол + Триметоприм],J01EE01
цефалоспорин первого или второго поколения,1,1,1,цефалоспорин первого или второго поколения,J01D
ко-тримоксазола**,1,1,1,ко-тримоксазола,J01EE01
"антибактериальные препараты системного действия; другие бета-лактамные антибактериальные препараты (J01DB, J01DC, J01DD, J01DE, J01DH) или бета-лактамные антибактериальные препараты: пенициллины (J01CA, J01CF, J01CR)",1,1,1,"антибактериальные препараты системного действия; другие бета-лактамные антибактериальные препараты (J01DB, J01DC, J01DD, J01DE, J01DH) или бета-лактамные антибактериальные препараты: пенициллины (J01CA, J01CF, J01CR)",J01CE01
"антибактериальные препараты широкого спектра действия; другие бета-лактамные антибактериальные препараты (J01DB, J01DC, J01DD, J01DE, J01DH) или бета-лактамные антибактериальные препараты: пенициллины (J01CA, J01CF, J01CR); предпочтительно препараты резервных групп, например - карбапенемы (J01DH)",1,1,1,"антибактериальные препараты широкого спектра действия; другие бета-лактамные антибактериальные препараты (J01DB, J01DC, J01DD, J01DE, J01DH) или бета-лактамные антибактериальные препараты: пенициллины (J01CA, J01CF, J01CR); предпочтительно препараты резервных групп, например - карбапенемы (J01DH)",J01CE01
"препараты широкого спектра – бета-лактамные антибактериальные препараты: пенициллины, другие бета-лактамные антибактериальные препараты (цефалоспорины), макролиды",1,1,1,"препараты широкого спектра – бета-лактамные антибактериальные препараты: пенициллины, другие бета-лактамные антибактериальные препараты (цефалоспорины), макролиды",J01CE01
антибактериальными препаратами системного действия,1,1,1,антибактериальными препаратами системного действия,
#Амоксициллин+ сульбактам,1,1,1,Амоксициллин + сульбактам,J01CA04
"комбинация из нескольких антибактериальных препаратов (цефалоспорины, метронидазол**, комбинации пенициллинов, включая комбинации с ингибиторами бета-лактамаз и др.)",1,1,1,"комбинация из нескольких антибактериальных препаратов (цефалоспорины, метронидазол**, комбинации пенициллинов, включая комбинации с ингибиторами бета-лактамаз и др.)",J01CE01
"цефтазидим** (возможно, в сочетании с #метронидазолом**)",1,1,1,"цефтазидим** (возможно, в сочетании с #метронидазолом**)",J01DD02
дорипенем,1,1,1,дорипенем,
"азтреонам, возможно - в сочетании с #метронидазолом**",1,1,1,"азтреонам, возможно - в сочетании с #метронидазолом",J01DF01
моксифлоксацин** (возможно - в сочетании с #метронидазолом**),1,1,1,моксифлоксацин** (возможно - в сочетании с #метронидазолом**),J01MA14
"0,5% #левофлоксацина",1,1,1,"0,5% #левофлоксацина",J01MA12
"0,5% #моксифлоксацина",1,1,1,"0,5% #моксифлоксацина",J01MA14
парентеральная антибактериальная терапия,1,1,1,парентеральная антибактериальная терапия,
терапия,1,1,1,терапия,
препараты из группы других бета-лактамных антибактериальных препаратов (J01D по АТХ классификации) + препарат группы макролидов (J01FA по АТХ классификации) или фторхинолонов (J01MA по АТХ классификации),1,1,1,препараты из группы других бета-лактамных антибактериальных препаратов (J01D по АТХ классификации) + препарат группы макролидов (J01FA по АТХ классификации) или фторхинолонов (J01MA по АТХ классификации),J01MA
ванкомицин** в сочетании с цефотаксим**,1,1,1,ванкомицин** в сочетании с цефотаксим,J01DD01
ИПН + АМО** + КЛА** (+В**),1,1,1,ИПН + АМО** + КЛА** ( + В**),
др. препараты с антисинегнойной активностью,1,1,1,др. препараты с антисинегнойной активностью,
#Пиперациллин+[Тазобактам],1,1,1,Пиперациллин + [Тазобактам],J01CG01
#Пентамидин,1,1,1,Пентамидин,
#изониазид**,1,1,1,изониазид,J04AC01
изониазид**,1,1,1,изониазид,J04AC01
пиразинамид**,1,1,1,пиразинамид,J04AK03
#амоксициллина с клавулановой кислотой**,1,1,1,амоксициллина с клавулановой кислотой,J01CA04
Макролиды,1,1,1,Макролиды,J01FA
Линкозамиды,1,1,1,Линкозамиды,
Производные имидазола,1,1,1,Производные имидазола,
другие противомикробные препараты и антисептики (АТХ С01АХ),1,1,1,другие противомикробные препараты и антисептики (АТХ С01АХ),
макролиды+ производные имидазола,1,1,1,макролиды + производные имидазола,J01FA
фторхинолоны+производные имидазола,1,1,1,фторхинолоны + производные имидазола,J01MA
#ампициллин+[сульбактам]**,1,1,1,ампициллин + [сульбактам],J01CA01
Амоксициллин + Клавулановая кислота** + Производные имидазола,1,1,1,Амоксициллин + Клавулановая кислота** + Производные имидазола,J01CA04
#гентамицин** к цефазолину**,1,1,1,гентамицин** к цефазолину,J01DB04
цефалоспорины первого и второго поколения,1,1,1,цефалоспорины первого и второго поколения,J01D
ванкомицин** / #клиндамицин** + оксациллин** + гентамицин** / цефотаксим** / цефтазидим** / цефтриаксон**,1,1,1,ванкомицин** / #клиндамицин** + оксациллин** + гентамицин** / цефотаксим** / цефтазидим** / цефтриаксон,J01CF04
Амоксициллин+[Клавулановая кислота],1,1,1,Амоксициллин + [Клавулановая кислота],J01CA04
Амоксициллин+ [Клавулановая кислота],1,1,1,Амоксициллин + [Клавулановая кислота],J01CA04
Цефдиторен,1,1,1,Цефдиторен,J01D
Цефподоксим,1,1,1,Цефподоксим,J01D
#гентамицин** добавляется к цефазолину**,1,1,1,гентамицин** добавляется к цефазолину,J01DB04
"колистиметат натрия, полимиксин В, тигециклин, цефтолозан+[тазобактам], цефтазидим+[авибактам] (в некоторых ситуациях в комбинации с азтреонамом)",1,1,1,"колистиметат натрия, полимиксин В, тигециклин, цефтолозан + [тазобактам], цефтазидим + [авибактам] (в некоторых ситуациях в комбинации с азтреонамом)",J01CG01
цефтазидим+[авибактам] (в некоторых ситуациях в комбинации с азтреонамом),1,1,1,цефтазидим + [авибактам] (в некоторых ситуациях в комбинации с азтреонамом),J01DD02
бета-лактамные антибактериальные препараты наиболее широкого спектра действия (карбапенемы) в сочетании с аминогликозидами и ванкомицином**,1,1,1,бета-лактамные антибактериальные препараты наиболее широкого спектра действия (карбапенемы) в сочетании с аминогликозидами и ванкомицином,J01XA01
полимиксин В**,1,1,1,полимиксин В,
тигециклин**,1,1,1,тигециклин,
#цефтолозан+[тазобактам]**,1,1,1,цефтолозан + [тазобактам],J01CG01
цефтазидим+[авибактам]**,1,1,1,цефтазидим + [авибактам],J01DD02
цефтазидим+[авибактам]** в комбинации с азтреонамом,1,1,1,цефтазидим + [авибактам]** в комбинации с азтреонамом,J01DD02
ко-тримоксазол [Сульфаметоксазол+Триметоприм]**,1,1,1,ко-тримоксазол [Сульфаметоксазол + Триметоприм],J01EE01
аминогликозиды,1,1,1,аминогликозиды,J01G
цефалоспорины третьего поколения,1,1,1,цефалоспорины третьего поколения,J01D
"бета-лактамные антибактериальные препараты (комбинации пенициллинов, включая ингибиторы бета-лактамаз; цефалоспорины четвертого поколения)",1,1,1,"бета-лактамные антибактериальные препараты (комбинации пенициллинов, включая ингибиторы бета-лактамаз; цефалоспорины четвертого поколения)",J01CE01
аминогликозид и/или антибиотик гликопептидной структуры,1,1,1,аминогликозид и/или антибиотик гликопептидной структуры,J01G
Полимиксин В**,1,1,1,Полимиксин В,
#Тигециклин**,1,1,1,Тигециклин,
#Цефтолозан/тазобактам**,1,1,1,Цефтолозан/тазобактам,J01CG01
Цефтазидим + [авибактам**],1,1,1,Цефтазидим + [авибактам**],J01DD02
#Цефтазидим + [авибактам**] в комбинации с #азтреонамом**,1,1,1,Цефтазидим + [авибактам**] в комбинации с #азтреонамом,J01DD02
карбапенемы в сочетании с аминогликозидами и ванкомицином**,1,1,1,карбапенемы в сочетании с аминогликозидами и ванкомицином,J01XA01
даптомицин**,1,1,1,даптомицин,J01XX09
цефтаролин фосамил**,1,1,1,цефтаролин фосамил,J01D
"линезолид**, даптомицин**, тигециклин**, ванкомицин**",1,1,1,"линезолид**, даптомицин**, тигециклин**, ванкомицин",J01XA01
#Ко-тримоксазол [Сульфаметоксазол+Триметоприм],1,1,1,Ко-тримоксазол [Сульфаметоксазол + Триметоприм],J01EE01
"антибактериальные препараты системного действия, влияющих на грамположительную, грамотрицательную и анаэробную флору (комбинации пенициллинов, включая комбинации с ингибиторами бета-лактамаз, и/или цефалоспорины 4-го поколения, и/или карбапенемы, и/или другие антибактериальные препараты)",1,1,1,"антибактериальные препараты системного действия, влияющих на грамположительную, грамотрицательную и анаэробную флору (комбинации пенициллинов, включая комбинации с ингибиторами бета-лактамаз, и/или цефалоспорины 4-го поколения, и/или карбапенемы, и/или другие антибактериальные препараты)",J01CE01
"#ко-тримоксазол** (JO1EE) в комбинации с антибактериальными препаратами системного действия (JO1), влияющими на грамположительную, грамотрицательную и анаэробную флору (комбинации пенициллинов, включая комбинации с ингибиторами бета-лактамаз (JO1CR) и/или цефалоспорины 4-го поколения (JO1DE), и/или карбапенемы (JO1DH), и/или другие антибактериальные препараты (JO1X))",1,1,1,"ко-тримоксазол** (JO1EE) в комбинации с антибактериальными препаратами системного действия (JO1), влияющими на грамположительную, грамотрицательную и анаэробную флору (комбинации пенициллинов, включая комбинации с ингибиторами бета-лактамаз (JO1CR) и/или цефалоспорины 4-го поколения (JO1DE), и/или карбапенемы (JO1DH), и/или другие антибактериальные препараты (JO1X))",J01CE01
пенициллинами широкого спектра действия (код АТХ J01CА) в сочетании с другими аминогликозидами (код АТХ J01GВ),1,1,1,пенициллинами широкого спектра действия (код АТХ J01CА) в сочетании с другими аминогликозидами (код АТХ J01GВ),J01CE01
пенициллины широкого спектра действия в сочетании с другими аминогликозидами,1,1,1,пенициллины широкого спектра действия в сочетании с другими аминогликозидами,J01CE01
пенициллины широкого спектра действия (код АТХ J01CА) в сочетании с другими аминогликозидами (код АТХ J01GВ),1,1,1,пенициллины широкого спектра действия (код АТХ J01CА) в сочетании с другими аминогликозидами (код АТХ J01GВ),J01CE01
пенициллины широкого спектра действия + другие аминогликозиды,1,1,1,пенициллины широкого спектра действия + другие аминогликозиды,J01CE01
ампициллин** + #гентамицин**,1,1,1,ампициллин** + #гентамицин,J01CA01
ампициллин** + амикацин**,1,1,1,ампициллин** + амикацин,J01CA01
ампициллин** + нетилмицин,1,1,1,ампициллин** + нетилмицин,J01CA01
Ампициллин+[Сульбактам]** + #гентамицин**,1,1,1,Ампициллин + [Сульбактам]** + #гентамицин,J01CA01
Ампициллин+[Сульбактам]** + амикацин**,1,1,1,Ампициллин + [Сульбактам]** + амикацин,J01CA01
Ампициллин+[Сульбактам]** + нетилмицин,1,1,1,Ампициллин + [Сульбактам]** + нетилмицин,J01CA01
Мупироцин,1,1,1,Мупироцин,
клиндамицина**,1,1,1,клиндамицина,J01FF01
Цефалоспорины I–II поколений: цефазолин (J01DB04Cefazolin),1,1,1,Цефалоспорины I–II поколений: цефазолин (J01DB04Cefazolin),J01DB04
цефазолин (J01DB04Cefazolin),1,1,1,цефазолин (J01DB04Cefazolin),J01DB04
Цефазолин (J01DB04Cefazolin),1,1,1,Цефазолин (J01DB04Cefazolin),J01DB04
норфлоксацина,1,1,1,норфлоксацина,J01MA06
ципрофлоксацина,1,1,1,ципрофлоксацина,J01MA02
пиперациллин+тазобакдама,1,1,1,пиперациллин + тазобакдама,
другие бета-лактамные антибактериальные препараты (карбапенемы),1,1,1,другие бета-лактамные антибактериальные препараты (карбапенемы),J01DH
Амоксициллин** или Ампициллин**,1,1,1,Амоксициллин** или Ампициллин,J01CA04
цефазолин** или цефтриаксон**,1,1,1,цефазолин** или цефтриаксон,J01DB04
"противомикробные препараты системного действия, активные в отношении микроорганизмов Staphylococcus aureus и Streptococcus Spp (J01D другие бета-лактамные антибактериальные препараты, J01CF пенициллины, устойчивые к бета-лактамазам, J01FF Линкозамиды)",1,1,1,"противомикробные препараты системного действия, активные в отношении микроорганизмов Staphylococcus aureus и Streptococcus Spp (J01D другие бета-лактамные антибактериальные препараты, J01CF пенициллины, устойчивые к бета-лактамазам, J01FF Линкозамиды)",J01CE01
Цефалоспорины второго поколения / Цефалоспорины третьего поколения в комбинации с метронидазолом**,1,1,1,Цефалоспорины второго поколения / Цефалоспорины третьего поколения в комбинации с метронидазолом,J01XD01
амоксициллин+клавулановую кислоту**,1,1,1,амоксициллин + клавулановую кислоту,J01CA04
цефтриаксон** с метронидазолом**,1,1,1,цефтриаксон** с метронидазолом,J01DD04
цефотаксим** с метронидазолом**,1,1,1,цефотаксим** с метронидазолом,J01DD01
цефалоспорины второго/ третьего поколения в комбинации с метронидазолом**,1,1,1,цефалоспорины второго/ третьего поколения в комбинации с метронидазолом,J01XD01
защищенные пенициллины,1,1,1,защищенные пенициллины,J01CE01
"цефалоспорины 2, 3, 4 поколения в комбинации с метронидазолом",1,1,1,"цефалоспорины 2, 3, 4 поколения в комбинации с метронидазолом",J01XD01
карбопенемы в комбинации с гликопептидами,1,1,1,карбопенемы в комбинации с гликопептидами,
тиамфеникола глицината ацетилцистеинат,1,1,1,тиамфеникола глицината ацетилцистеинат,
комбинация клиндамицина** и #рифампицина**,1,1,1,комбинация клиндамицина** и #рифампицина,J01FF01
"бета-лактамные антибактериальные препараты: пенициллины, цефалоспорины 1-ого или 2-ого поколения",1,1,1,"бета-лактамные антибактериальные препараты: пенициллины, цефалоспорины 1-ого или 2-ого поколения",J01CE01
антибиотикотерапия,1,1,1,антибиотикотерапия,
"полусинтетические пенициллины (бета-лактамные антибактериальные препараты, пенициллины)",1,1,1,"полусинтетические пенициллины (бета-лактамные антибактериальные препараты, пенициллины)",J01CE01
антибиотики группы тетрациклина,1,1,1,антибиотики группы тетрациклина,J01AA07
"полусинтетические пенициллины (бета-лактамные антибактериальные препараты, пенициллины), фторхинолоны, макролиды, антибиотики группы тетрациклина",1,1,1,"полусинтетические пенициллины (бета-лактамные антибактериальные препараты, пенициллины), фторхинолоны, макролиды, антибиотики группы тетрациклина",J01CE01
Тедизолид**,1,1,1,Тедизолид,J01XX11
пролонгированные антибиотики,1,1,1,пролонгированные антибиотики,
"#левофлоксацина**, капель глазных 0.5%",1,1,1,"левофлоксацина**, капель глазных 0.5%",J01MA12
"левофлоксацина**, капель глазных 0.5%",1,1,1,"левофлоксацина**, капель глазных 0.5%",J01MA12
#левофлоксацина**,1,1,1,левофлоксацина,J01MA12
антибиотики,1,1,1,антибиотики,
"препараты, проникающими через гематоэнцефалический барьер",1,1,1,"препараты, проникающими через гематоэнцефалический барьер",J01D
цефазолин** + #гентамицина**,1,1,1,цефазолин** + #гентамицина,J01DB04
комбинация из трёх препаратов,1,1,1,комбинация из трёх препаратов,
цефтриаксона**,1,1,1,цефтриаксона,J01DD04
пиклоксидин (S01AX16),1,1,1,пиклоксидин (S01AX16),
тобрамицин (S01AA12),1,1,1,тобрамицин (S01AA12),J01GB01
нетилмицин (S01AA23),1,1,1,нетилмицин (S01AA23),
ципрофлоксацин** (S01AE03),1,1,1,ципрофлоксацин** (S01AE03),J01MA02
левофлоксацин** (S01AE05),1,1,1,левофлоксацин** (S01AE05),J01MA12
антибактериальными препаратами системного действия (J01),1,1,1,антибактериальными препаратами системного действия (J01),
антибактериальных препаратов системного действия (J01),1,1,1,антибактериальных препаратов системного действия (J01),
офлоксацин** (S01AE01),1,1,1,офлоксацин** (S01AE01),J01MA01
Цефазолин1**,1,1,1,Цефазолин1,J01DB04
Ванкомицин3**+ #Клиндамицин**,1,1,1,Ванкомицин3** + #Клиндамицин,J01XA01
Ванкомицин3** + #Клиндамицин**,1,1,1,Ванкомицин3** + #Клиндамицин,J01XA01
"антибактериальными препаратами системного действия, влияющих на грамположительную, грамотрицательную и анаэробную флору (комбинации пенициллинов, включая комбинации с ингибиторами бета-лактамаз; цефалоспорины 4-го поколения; карбапенемы, другие антибактериальные препараты)",1,1,1,"антибактериальными препаратами системного действия, влияющих на грамположительную, грамотрицательную и анаэробную флору (комбинации пенициллинов, включая комбинации с ингибиторами бета-лактамаз; цефалоспорины 4-го поколения; карбапенемы, другие антибактериальные препараты)",J01CE01
"антибактериальных препаратов системного действия, влияющих на грамположительную, грамотрицательную и анаэробную флору (комбинации пенициллинов, включая комбинации с ингибиторами бета-лактамаз; цефалоспорины 4-го поколения; карбапенемы, другие антибактериальные препараты)",1,1,1,"антибактериальных препаратов системного действия, влияющих на грамположительную, грамотрицательную и анаэробную флору (комбинации пенициллинов, включая комбинации с ингибиторами бета-лактамаз; цефалоспорины 4-го поколения; карбапенемы, другие антибактериальные препараты)",J01CE01
изониазид** + рифампицин** + пиразинамид** + этамбутол**,1,1,1,изониазид** + рифампицин** + пиразинамид** + этамбутол,J04AB02
фосфомицин** + имипенемом+циластатин**,1,1,1,фосфомицин** + имипенемом + циластатин,J01DH51
